,rmse,mean,median,std,min,max,sse
d1_non_7,54.878478769107744,42.20273565660998,33.144488521490906,35.07957432908372,2.661680566817164,117.13873892120044,521015.0057379738
