,rmse,mean,median,std,min,max,sse
kd_chcv_7,16.213457874467547,13.124443431667675,10.509595381736021,9.519726931802662,0.6171129393534986,31.460365529307335,45477.58541075413
