,rmse,mean,median,std,min,max,sse
d7_chca_7,20.059369505256473,16.650331086460024,12.285742087673299,11.186812756977584,2.4701006990527903,33.504345817077294,69611.44675607551
