,rmse,mean,median,std,min,max,sse
d1_chca_7,61.88162894885618,50.86613272062665,51.21501532940335,35.241630827921526,1.0215642915781054,129.4663544524587,654816.4562332296
