,rmse,mean,median,std,min,max,sse
d7_chca_7,20.116400340279604,16.707042056166923,12.285742087673299,11.204655656639833,2.4701006990527903,33.504345817077294,70007.83433851943
