,rmse,mean,median,std,min,max,sse
d1_chca_7,61.700975772647645,50.68458041238855,51.197478340775916,35.18641385132861,1.0215642915781054,129.4663544524587,650998.7803317616
