,rmse,mean,median,std,min,max,sse
kd_chcv_7,16.361134428332598,13.301805653841113,10.537812166169623,9.526210481057559,0.6171129393534986,31.71828784319104,46309.80252228086
