,rmse,mean,median,std,min,max,sse
d1_chcv_7,10.291388095452259,9.33339808494106,11.124738513894005,4.335936936722561,0.984351489323166,13.885682477171786,18534.71706296288
