,rmse,mean,median,std,min,max,sse
kd_non_7,65.60111538915172,49.72756803888257,35.76536277952515,42.7863917296037,2.023913557916648,138.15885718438773,740203.0905317371
