,rmse,mean,median,std,min,max,sse
kd_chca_7,58.056453262262174,38.473786212821345,17.6120588653895,43.47780514059271,4.954112275308255,150.04907258634432,572993.8001168495
