,rmse,mean,median,std,min,max,sse
kd_chca_7,58.26989026419514,38.70129410556581,17.6120588653895,43.56133544734184,4.954112275308255,152.83890567620506,577214.6189382285
