,rmse,mean,median,std,min,max,sse
d1_non_7,54.73475258688354,42.08645720946989,32.625880217839956,34.99461759046401,2.661680566817164,117.13873892120044,518289.5133492923
