,rmse,mean,median,std,min,max,sse
d7_non_7,57.05722821701601,42.48199084859711,26.543991739897816,38.089470268676095,3.0288207967138545,121.41997326490004,563206.2214828961
