,rmse,mean,median,std,min,max,sse
d7_chcv_7,20.610919574786262,15.43391082532164,9.342373563216638,13.660322190721821,2.5004175309938863,50.73521528606636,72217.70097211227
