,rmse,mean,median,std,min,max,sse
kd_non_7,65.76959724376201,49.92757855167634,37.738763283174336,42.81211068813187,2.023913557916648,138.15885718438773,744010.0665163468
