,rmse,mean,median,std,min,max,sse
d7_non_7,57.26785361826809,42.65440984011282,26.543991739897816,38.212673018712884,3.0288207967138545,121.41997326490004,567372.021041505
