,rmse,mean,median,std,min,max,sse
d1_chcv_7,10.408999246926053,9.465471043445142,11.998006349332382,4.33037218356675,0.984351489323166,14.886453835367886,18960.771431438745
