,rmse,mean,median,std,min,max,sse
d1_chcv_7,10.291388095452259,9.33339808494106,11.124738513894005,4.335936936722561,0.984351489323166,13.885682477171786,18534.71706296288
d7_chcv_7,20.610919574786262,15.43391082532164,9.342373563216638,13.660322190721821,2.5004175309938863,50.73521528606636,72217.70097211227
kd_chcv_7,16.213457874467547,13.124443431667675,10.509595381736021,9.519726931802662,0.6171129393534986,31.460365529307335,45477.58541075413
